base, h1err, cond, eff, h1estmax
1, 0.170409858465, 1.0, 8.36301016808, 0.0168785235456
2, 0.190304689234, 1.34946907398, 8.49765086174, 0.0192208411454
